name,company,pain,angle,email,approved
Alice,TechFlow,context switching,Product Ops,"
Subject: Better than Product Ops

Running a Scaleup org often leads to context switching.

Instead of hiring a Product Ops team to manage the chaos, you can automate the context.

Our system solves context switching by connecting the dots automatically.

Open to seeing how?
",True
Bob,SecureNet,alert fatigue,Product Ops,"
Subject: Better than Product Ops

Running a Startup org often leads to alert fatigue.

Instead of hiring a Product Ops team to manage the chaos, you can automate the context.

Our system solves alert fatigue by connecting the dots automatically.

Open to seeing how?
",True
Charlie,FinScale,compliance overhead,Product Ops,"
Subject: Better than Product Ops

Running a Enterprise org often leads to compliance overhead.

Instead of hiring a Product Ops team to manage the chaos, you can automate the context.

Our system solves compliance overhead by connecting the dots automatically.

Open to seeing how?
",True
Diana,Appify,context switching,Product Ops,"
Subject: Better than Product Ops

Running a Startup org often leads to context switching.

Instead of hiring a Product Ops team to manage the chaos, you can automate the context.

Our system solves context switching by connecting the dots automatically.

Open to seeing how?
",True
Eve,DataMinds,delivery bottlenecks,Execution OS,"
Subject: Fixing delivery bottlenecks

I noticed you're running a Scaleup engineering team. usually that means you're battling delivery bottlenecks.

Most leaders try to solve this with more process, but that just slows things down.

We built an Execution OS that eliminates delivery bottlenecks without adding bureaucracy.

Worth a chat?
",True
